airplane	0	0	0	5	0	0	0	freporte
airplane	0	0	0	5	0	0	0	freporte
airplane	0	0	0	5	0	0	0	freporte
airplane	0	0	0	5	0	0	0	freporte
airplane	0	0	0	5	0	0	0	freporte
airplane	0	0	0	5	0	0	0	freporte
airplane	0	0	0	5	0	0	0	freporte
airplane	0	0	0	5	0	0	0	freporte
airplane	0	0	0	5	0	0	0	freporte
airplane	0	0	0	5	0	0	0	freporte
airplane	0	0	0	5	0	0	0	freporte
akanon	-61.8	77.53	3.13	10	0	0	0	steamfont
arena	-870.66	-29.38	10.41	20	0	0	0	lakerathe
befallen	35.74	-54.03	3.13	5	0	0	0	commons
beholder	-452.33	-1184.86	37.5	5	0	0	0	eastkarana
beholder	-1846	907	4.75	5	0	0	0	runnyeye
blackburrow	1.11	-182.32	3.13	10	0	0	0	qeytoqrg
blackburrow	-346.31	110.08	3.1	15	0	0	0	everfrost
burningwood	0	0	0	5	0	0	0	dreadlands
burningwood	0	0	0	5	0	0	0	skyfire
burningwood	0	0	0	5	0	0	0	frontiermtns
burningwood	0	0	0	5	0	0	0	chardok
butcher	3239	1355	120	0	0	0	0	oot
butcher	-3064	-1263	3.13	30	0	0	0	gfaydark
butcher	-180	3130	3.13	10	0	0	0	kaladima
butcher	-318.25	-2960.36	3.13	30	0	0	0	cauldron
cabeast	-425	1362	4	5	0	0	0	fieldofbone
cabeast	-620	1175	4	5	0	0	0	fieldofbone
cabeast	-656	-96	4	5	0	0	0	swampofnohope
cabeast	-465	-282	4	5	0	0	0	swampofnohope
cabeast	0	0	0	5	0	0	0	cabeast
cabeast	0	0	0	5	0	0	0	cabeast
cabeast	292	-90	4	5	0	0	0	cabwest
cabeast	287	-44	4	5	0	0	0	cabwest
cabwest	584	-987	4	5	0	0	0	lakeofillomen
cabwest	767	-802	4	5	0	0	0	lakeofillomen
cabwest	1144	869	4	5	0	0	0	warslikswood
cabwest	1327	687	4	5	0	0	0	warslikswood
cabwest	0	0	0	5	0	0	0	cabeast
cauldron	266.6	2848.9	472.47	35	0	0	0	butcher
cauldron	-1012.63	-1181.57	-331.25	20	0	0	0	kedge
cauldron	-650.95	-2066.17	93.13	20	0	0	0	unrest
cazicthule	-69	55	1	5	0	0	0	feerrott
charasis	0	0	0	5	0	0	0	charasis
charasis	0	0	0	5	0	0	0	charasis
charasis	0	0	0	5	0	0	0	charasis
charasis	0	0	0	5	0	0	0	overthere
charasis	0	0	0	5	0	0	0	overthere
chardok	0	0	0	5	0	0	0	burningwood
citymist	-899	26	5	5	0	0	0	emeraldjungle
citymist	-899	-26	5	5	0	0	0	emeraldjungle
cobaltscar	1629	1573	71	5	0	0	0	sirens
cobaltscar	893	-670	405	5	0	0	0	skyshrine
commons	4103.92	917.98	-48.97	10	0	0	0	kithicor
commons	-1500	0	0	10	1	-1177	1202	ecommons
commons	595.99	-1149.36	-39.16	5	0	0	0	befallen
crushbone	163	-709	3.13	35	0	0	0	gfaydark
crystal	302	486	-74	5	0	0	0	eastwastes
crystal	62	-576	-105	5	0	0	0	eastwastes
dalnir	0	0	0	5	0	0	0	warslikswood
dalnir	0	0	0	5	0	0	0	warslikswood
dalnir	0	0	0	5	0	0	0	warslikswood
dreadlands	0	0	0	5	0	0	0	firiona
dreadlands	0	0	0	5	0	0	0	burningwood
dreadlands	0	0	0	5	0	0	0	frontiermtns
dreadlands	-1964	496	30	5	0	0	0	karnor
dreadlands	-1962	702	30	5	0	0	0	karnor
droga	0	0	0	5	0	0	0	frontiermtns
droga	0	0	0	5	0	0	0	nurga
droga	0	0	0	5	0	0	0	nurga
eastkarana	1060	8.27	-34	5	1	-3015	1060	northkarana
eastkarana	-2074	3602	11.22	5	0	0	0	beholder
eastkarana	-8253.98	-3043.83	693.28	15	0	0	0	highpass
eastwastes	-5901	-4471	560	5	0	0	0	iceclad
eastwastes	7020	-6248	-301	5	0	0	0	kael
eastwastes	6638	-1813	144	5	0	0	0	greatdivide
eastwastes	478	-4073	145	5	0	0	0	crystal
eastwastes	14	-7250	160	5	0	0	0	sleeper
ecommons	-1400	0	-51.34	10	1	-575	576	freportw
ecommons	605	1510	-18.41	30	0	0	0	nektulos
ecommons	-53.42	-2444.6	3.13	40	0	0	0	nro
emeraldjungle	0	0	0	5	0	0	0	fieldofbone
emeraldjungle	-1856	272	-327	5	0	0	0	citymist
emeraldjungle	-1856	326	-327	5	0	0	0	citymist
emeraldjungle	0	0	0	5	0	0	0	trakanon
erudnext	0	0	0	5	0	0	0	erudnext
erudnext	0	0	0	5	0	0	0	erudnext
erudnext	-192.24	-1583.49	-44.84	10	0	0	0	tox
erudnext	0	0	0	5	0	0	0	erudnint
erudnext	-311	-1408	40.1	3	0	0	0	erudnext
erudnext	-254	-1391	-39.8	3	0	0	0	erudnext
erudnext	-184	-1409	37.1	3	0	0	0	erudnext
erudnext	-306	-1410	-42.8	3	0	0	0	erudnext
erudnint	0	0	0	5	0	0	0	erudnint
erudnint	793	715	4	5	0	0	0	erudnext
erudsxing	0	0	3	5	0	0	0	erudnext
everfrost	371	3712	3.1	25	0	0	0	halas
everfrost	-531.25	-3055.46	-110.06	20	0	0	0	blackburrow
everfrost	-7072.94	2018.7	-60.92	20	0	0	0	permafrost
fearplane	0	0	0	5	0	0	0	feerrott
feerrott	2601	-2380	26	5	0	0	0	fearplane
feerrott	-3096.83	-1105.76	-9.22	20	0	0	0	innothule
feerrott	3381.16	286.68	3.13	60	0	0	0	rathemtn
feerrott	845.56	1719.06	60.41	20	0	0	0	oggok
feerrott	-111.83	-1451.82	1	5	0	0	0	cazicthule
felwithea	-720	354	-10.87	15	0	0	0	felwitheb
felwithea	254	20	3.13	30	0	0	0	gfaydark
felwitheb	-820	217	-10.87	15	0	0	0	felwithea
felwitheb	-583.5	435.83	34.13	3	0	0	0	felwitheb
felwitheb	-602.07	457.68	34.13	3	0	0	0	felwitheb
felwitheb	-618.78	435.14	34.13	3	0	0	0	felwitheb
felwitheb	-340.65	504.35	7.13	3	0	0	0	felwitheb
felwitheb	-532.24	745.78	7.13	3	0	0	0	felwitheb
felwitheb	-917.43	553.01	7.13	3	0	0	0	felwitheb
fieldofbone	3538	-2734	8	5	0	0	0	cabeast
fieldofbone	3688	-2555	8	5	0	0	0	cabeast
fieldofbone	0	0	0	5	0	0	0	kaesora
fieldofbone	1020	457	65	5	0	0	0	kurn
fieldofbone	961	457	65	5	0	0	0	kurn
fieldofbone	0	0	0	5	0	0	0	warslikswood
fieldofbone	0	0	0	5	0	0	0	swampofnohope
fieldofbone	0	0	0	5	0	0	0	emeraldjungle
firiona	0	0	0	5	0	0	0	dreadlands
firiona	-2385	4997	-5	5	0	0	0	swampofnohope
firiona	2612	4940	8	5	0	0	0	swampofnohope
firiona	0	0	0	5	0	0	0	lakeofillomen
freporte	-63.07	94.06	-24.87	30	0	0	0	freportw
freporte	-353.84	446.6	-24.87	30	0	0	0	freportw
freporte	-697	-1300	-52.84	0	2	-1276	-121	nro
freporte	344	-155	-94	30	0	0	0	freportw
freportn	-53.16	-429.83	-24.87	15	0	0	0	freportw
freportn	514.09	-476.24	-10.87	15	0	0	0	freportw
freportn	722	372	-11	30	0	0	0	freportw
freportn	-436	-6	-20	30	0	0	0	freportw
freportw	-716	149	-11	30	0	0	0	freportw
freportw	-652	96	-39	30	0	0	0	freportw
freportw	-98.72	282.91	-10.87	15	0	0	0	freportn
freportw	-658.03	324.63	-24.87	15	0	0	0	freportn
freportw	-927.04	-86.1	-24.87	30	0	0	0	freporte
freportw	-623.7	-420.87	-24.87	30	0	0	0	freporte
freportw	750	0	-24.87	580	1	-579	576	ecommons
freportw	-272	1585	2	30	0	0	0	freportn
freportw	-586	719	-20	30	0	0	0	freportn
freportw	-1632	-740	-94	30	0	0	0	freporte
frontiermtns	0	0	0	5	0	0	0	lakeofillomen
frontiermtns	0	0	0	5	0	0	0	dreadlands
frontiermtns	0	0	0	5	0	0	0	burningwood
frontiermtns	0	0	0	5	0	0	0	nurga
frontiermtns	0	0	0	5	0	0	0	droga
frontiermtns	0	0	0	5	0	0	0	overthere
frozenshadow	0	0	0	5	0	0	0	frozenshadow
frozenshadow	0	0	0	5	0	0	0	frozenshadow
frozenshadow	0	0	0	5	0	0	0	frozenshadow
frozenshadow	0	0	0	5	0	0	0	frozenshadow
frozenshadow	0	0	0	5	0	0	0	frozenshadow
frozenshadow	0	0	0	5	0	0	0	frozenshadow
frozenshadow	0	0	0	5	0	0	0	frozenshadow
frozenshadow	0	0	0	5	0	0	0	frozenshadow
frozenshadow	0	0	0	5	0	0	0	frozenshadow
frozenshadow	0	0	0	5	0	0	0	frozenshadow
frozenshadow	0	0	0	5	0	0	0	frozenshadow
frozenshadow	0	0	0	5	0	0	0	frozenshadow
frozenshadow	0	0	0	5	0	0	0	frozenshadow
frozenshadow	0	0	0	5	0	0	0	frozenshadow
frozenshadow	0	0	0	5	0	0	0	frozenshadow
frozenshadow	0	0	0	5	0	0	0	frozenshadow
frozenshadow	0	0	0	5	0	0	0	frozenshadow
frozenshadow	0	0	0	5	0	0	0	frozenshadow
frozenshadow	0	0	0	5	0	0	0	iceclad
gfaydark	-2630	-1928	23	35	0	0	0	felwithea
gfaydark	-1091.27	-2659.46	3.13	35	0	0	0	lfaydark
gfaydark	2652	-1640	3.13	35	0	0	0	butcher
gfaydark	-56	2634	18.97	35	0	0	0	crushbone
greatdivide	-5116	-1773	225	5	0	0	0	eastwastes
greatdivide	-142	59	100	5	0	0	0	thurgadina
greatdivide	3336	-6780	-36	5	0	0	0	velketor
greatdivide	0	0	0	5	0	0	0	mischiefplane
grobb	50.34	-129.93	3.13	20	0	0	0	innothule
gukbottom	0	0	0	5	0	0	0	innothule
gukbottom	608.2	1131.74	-84.43	10	0	0	0	guktop
gukbottom	5.69	1494.95	-94.84	20	0	0	0	guktop
gukbottom	-190.17	1186.66	-80.84	10	0	0	0	guktop
gukbottom	103.65	1588.57	-91.17	30	0	0	0	guktop
guktop	62.14	-52.38	3.13	10	0	0	0	innothule
guktop	161.66	1610.16	-88.38	30	0	0	0	gukbottom
guktop	-86.47	1543.17	-98.84	10	0	0	0	gukbottom
guktop	-200.32	1197.55	-80.84	10	0	0	0	gukbottom
guktop	649.59	1118.09	-87.18	10	0	0	0	gukbottom
halas	-73	-675	3.1	25	0	0	0	everfrost
highkeep	91.16	48.46	3.13	10	0	0	0	highpass
highkeep	90.58	-79.87	3.13	10	0	0	0	highpass
highpass	105.19	845.35	3.13	10	0	0	0	eastkarana
highpass	101.65	-1009.95	3.13	15	0	0	0	kithicor
highpass	-105.76	-81.28	3.13	10	0	0	0	highkeep
highpass	-105.55	54.42	3.13	10	0	0	0	highkeep
hole	-940.3	616.51	-95.78	5	0	0	0	paineel
hole	0	0	0	5	0	0	0	paineel
hole	0	0	0	5	0	0	0	neriakc
hole	0	0	0	5	0	0	0	erudnint
iceclad	2865	1725	120	5	0	0	0	frozenshadow
iceclad	-20339.3	3932.79	-33.61	5	0	0	0	nro
innothule	1137.33	2507.68	-24.6	25	0	0	0	sro
innothule	1881.62	-1126.76	-9.22	25	0	0	0	feerrott
innothule	-614.48	-2761.22	-31.44	15	0	0	0	grobb
innothule	-813.28	152.05	-8.37	10	0	0	0	guktop
jaggedpine	0	0	0	5	0	0	0	qrg
jaggedpine	0	0	0	5	0	0	0	blackburrow
kael	3194	-125	-396	5	0	0	0	wakening
kael	-654.08	-14.06	123.06	5	0	0	0	eastwastes
kaesora	0	0	0	5	0	0	0	fieldofbone
kaladima	42	-78	3.13	10	0	0	0	butcher
kaladima	333.59	419.97	-18.15	8	0	0	0	kaladimb
kaladima	-264	390	3.13	8	0	0	0	kaladimb
kaladimb	340	416	-22	8	0	0	0	kaladima
kaladimb	-260	371	3.13	8	0	0	0	kaladima
karnor	405	115	5	5	0	0	0	dreadlands
karnor	402	-82	5	5	0	0	0	dreadlands
kedge	20.44	129.22	303	20	0	0	0	cauldron
kerraridge	-997.34	458.31	23.13	20	0	0	0	tox
kithicor	-1098.34	1435.1	-48.97	15	0	0	0	commons
kithicor	4892.11	554.11	693.03	15	0	0	0	highpass
kithicor	3825.85	2014.09	465.38	10	0	0	0	rivervale
kurn	55	-282	4	5	0	0	0	fieldofbone
kurn	-55	-282	4	5	0	0	0	fieldofbone
kurn	0	0	0	5	0	0	0	fieldofbone
lakeofillomen	0	0	0	5	0	0	0	frontiermtns
lakeofillomen	0	0	0	5	0	0	0	veksar
lakeofillomen	0	0	0	5	0	0	0	firiona
lakeofillomen	0	0	0	5	0	0	0	warslikswood
lakeofillomen	-6628	6518	39	5	0	0	0	cabwest
lakeofillomen	-6791	6330	39	5	0	0	0	cabwest
lakerathe	-2252.19	2571.14	4.88	30	0	0	0	rathemtn
lakerathe	2676.66	2367.24	95	20	0	0	0	arena
lakerathe	1160.73	4346.02	3.13	20	0	0	0	southkarana
lavastorm	223	798	129	5	0	0	0	soldunga
lavastorm	-142.13	-2046.21	-16.44	30	0	0	0	nektulos
lavastorm	-1090.84	-951.25	15.75	20	0	0	0	najena
lavastorm	483	915	54	5	0	0	0	soldungb
lavastorm	331	1353	146	5	0	0	0	soltemple
lfaydark	-2166.07	934.8	-1.66	35	0	0	0	steamfont
lfaydark	-1202.97	2181.5	3.13	35	0	0	0	gfaydark
lfaydark	3357.1	-1106.57	3.13	25	0	0	0	mistmoore
lfaydark	0	0	0	5	0	0	0	neriakc
mistmoore	125	-390.79	-178.81	35	0	0	0	lfaydark
misty	1429.34	-832.6	-7.62	20	0	0	0	runnyeye
misty	-2559.57	411.39	-7.62	20	0	0	0	rivervale
najena	886.93	-10.79	3.13	15	0	0	0	lavastorm
necropolis	0	0	0	5	0	0	0	westwastes
necropolis	1976	-60	2	5	0	0	0	westwastes
nektulos	-1105.77	2285.42	3.13	15	0	0	0	neriaka
nektulos	-529	-2686	-18.14	30	0	0	0	ecommons
nektulos	278.98	3095.24	-16.28	30	0	0	0	lavastorm
neriaka	-393.86	80.98	-10.87	10	0	0	0	neriakb
neriaka	153.72	77.04	31.13	15	0	0	0	nektulos
neriakb	-343.34	85.72	-10.87	10	0	0	0	neriaka
neriakb	-853	199.46	-38.84	8	0	0	0	neriakc
neriakc	-854.67	191.12	-38.84	8	0	0	0	neriakb
neriakc	0	0	0	5	0	0	0	lfaydark
nexus	0	0	0	5	0	0	0	dreadlands
nexus	0	0	0	5	0	0	0	northkarana
nexus	0	0	0	5	0	0	0	dreadlands
northkarana	3200	639	-1.4	5	1	-15750	3200	qey2hh1
northkarana	-3025	12	-3.35	5	1	-3025	1045	eastkarana
northkarana	899	-4440	-3	5	2	-3025	3200	southkarana
nro	-231	4000	-24.91	0	2	-230	914	freporte
nro	-200	-1860	-20	5	2	-1112	1373	oasis
nro	2363	2641.19	3.13	40	0	0	0	ecommons
nro	1000	1000	20	5	0	0	0	iceclad
nurga	0	0	0	5	0	0	0	frontiermtns
nurga	0	0	0	5	0	0	0	droga
nurga	0	0	0	5	0	0	0	droga
oasis	4000	4000	200	5	0	0	0	overthere
oasis	0	2500	0	5	2	-1334	1343	nro
oasis	187.41	-1880	5.55	40	2	20	295	sro
oggok	-35	-440	3.1	20	0	0	0	feerrott
overthere	0	0	0	5	0	0	0	warslikswood
overthere	0	0	0	5	0	0	0	frontiermtns
overthere	4223	-988	104	5	0	0	0	skyfire
overthere	4223	-1100	104	5	0	0	0	skyfire
overthere	0	0	0	5	0	0	0	charasis
paineel	100.88	890.34	3.13	15	0	0	0	tox
paineel	0	0	0	5	0	0	0	paineel
paineel	0	0	0	5	0	0	0	paineel
paineel	0	0	0	5	0	0	0	paineel
paineel	755.9	881.6	-77.2	5	0	0	0	paineel
paineel	0	0	0	5	0	0	0	paineel
paineel	0	0	0	5	0	0	0	paineel
paineel	0	0	0	5	0	0	0	paineel
paineel	-882.64	738.98	-33.87	10	0	0	0	warrens
paw	56.91	-105.77	3.13	10	0	0	0	southkarana
permafrost	182.04	-157.39	3.13	20	0	0	0	everfrost
qcat	147	-175	-77	5	0	0	0	qeynos
qcat	-301	217	-38	5	0	0	0	qeynos
qcat	-58	230	-78	5	0	0	0	qeynos
qcat	-172	348	-44	5	0	0	0	qeynos
qcat	105	637	-40	5	0	0	0	qeynos2
qcat	217	889	-50	5	0	0	0	qeynos2
qcat	0	0	0	5	0	0	0	tox
qcat	-49	1057	-25	5	0	0	0	qeynos2
qey2hh1	-15800	627	0	5	1	-15800	3150	northkarana
qey2hh1	24.73	29.9	-3.87	30	0	0	0	qeytoqrg
qeynos	-432.14	454.02	2.13	8	0	0	0	qeynos2
qeynos	-64.68	579.78	2.13	8	0	0	0	qeynos2
qeynos	-483	175	-27	5	0	0	0	qcat
qeynos	-477	177	-16	5	0	0	0	qcat
qeynos	149	-185	-64	5	0	0	0	qcat
qeynos	-596	-151	-25	5	0	0	0	qcat
qeynos2	73	1350	2.5	5	2	-380	1350	qeytoqrg
qeynos2	90	175	-39	5	0	0	0	qcat
qeynos2	348	194	-27	5	0	0	0	qcat
qeynos2	-161	302	-13	5	0	0	0	qcat
qeynos2	2.66	-148.38	2.13	8	0	0	0	qeynos
qeynos2	369.62	-21.45	2.13	8	0	0	0	qeynos
qeytoqrg	0	-400	0	5	2	-400	1330	qeynos2
qeytoqrg	-2356.28	1312.68	-1.22	30	0	0	0	qey2hh1
qeytoqrg	-1156.05	3389.01	3.25	15	0	0	0	blackburrow
qeytoqrg	114.22	5181.43	-3.47	20	0	0	0	qrg
qrg	220.39	-577.72	3.13	25	0	0	0	qeytoqrg
rathemtn	2981.72	3446.4	-0.75	35	0	0	0	lakerathe
rathemtn	-3120.29	551.02	3.13	35	0	0	0	feerrott
rivervale	88.22	-81.79	3.13	20	0	0	0	kithicor
rivervale	-282.3	-380.82	3.13	10	0	0	0	misty
runnyeye	0	0	0	5	0	0	0	beholder
runnyeye	177.83	192.29	4.13	15	0	0	0	misty
sebilis	0	0	0	5	0	0	0	trakanon
sebilis	0	0	0	5	0	0	0	trakanon
sirens	0	0	0	5	0	0	0	cobaltscar
sirens	0	0	0	5	0	0	0	westwastes
skyfire	0	0	0	5	0	0	0	burningwood
skyfire	-4340	-1089	44	5	0	0	0	overthere
skyfire	-4340	-1199	44	5	0	0	0	overthere
skyfire	0	0	0	5	0	0	0	veeshan
skyshrine	0	0	0	5	0	0	0	skyshrine
skyshrine	0	0	0	5	0	0	0	skyshrine
skyshrine	0	0	0	5	0	0	0	skyshrine
skyshrine	0	0	0	5	0	0	0	skyshrine
skyshrine	0	0	0	5	0	0	0	skyshrine
skyshrine	0	0	0	5	0	0	0	skyshrine
skyshrine	0	0	0	5	0	0	0	skyshrine
skyshrine	0	0	0	5	0	0	0	skyshrine
skyshrine	0	0	0	5	0	0	0	skyshrine
skyshrine	0	0	0	5	0	0	0	skyshrine
skyshrine	0	0	0	5	0	0	0	skyshrine
skyshrine	0	0	0	5	0	0	0	skyshrine
skyshrine	0	0	0	5	0	0	0	skyshrine
skyshrine	0	0	0	5	0	0	0	skyshrine
skyshrine	0	0	0	5	0	0	0	skyshrine
skyshrine	0	0	0	5	0	0	0	skyshrine
skyshrine	0	0	0	5	0	0	0	skyshrine
skyshrine	0	0	0	5	0	0	0	skyshrine
skyshrine	0	0	0	5	0	0	0	skyshrine
skyshrine	0	0	0	5	0	0	0	skyshrine
skyshrine	0	0	0	5	0	0	0	skyshrine
skyshrine	0	0	0	5	0	0	0	skyshrine
skyshrine	0	0	0	5	0	0	0	skyshrine
skyshrine	0	0	0	5	0	0	0	skyshrine
skyshrine	-793	-249	3	5	0	0	0	wakening
skyshrine	0	0	0	5	0	0	0	cobaltscar
skyshrine	0	0	0	5	0	0	0	skyshrine
skyshrine	0	0	0	5	0	0	0	skyshrine
skyshrine	0	0	0	5	0	0	0	kael
skyshrine	0	0	0	5	0	0	0	skyshrine
skyshrine	0	0	0	5	0	0	0	skyshrine
skyshrine	0	0	0	5	0	0	0	skyshrine
skyshrine	0	0	0	5	0	0	0	skyshrine
skyshrine	-158	690	333	5	0	0	0	skyshrine
skyshrine	0	0	0	5	0	0	0	skyshrine
skyshrine	0	0	0	5	0	0	0	skyshrine
skyshrine	0	0	0	5	0	0	0	skyshrine
skyshrine	0	0	0	5	0	0	0	skyshrine
skyshrine	0	0	0	5	0	0	0	skyshrine
skyshrine	0	0	0	5	0	0	0	skyshrine
skyshrine	0	0	0	5	0	0	0	skyshrine
skyshrine	0	0	0	5	0	0	0	skyshrine
skyshrine	0	0	0	5	0	0	0	skyshrine
skyshrine	0	0	0	5	0	0	0	skyshrine
skyshrine	0	0	0	5	0	0	0	skyshrine
skyshrine	0	0	0	5	0	0	0	skyshrine
skyshrine	0	0	0	5	0	0	0	skyshrine
skyshrine	0	0	0	5	0	0	0	skyshrine
skyshrine	0	0	0	5	0	0	0	skyshrine
skyshrine	0	0	0	5	0	0	0	skyshrine
skyshrine	0	0	0	5	0	0	0	skyshrine
skyshrine	0	0	0	5	0	0	0	skyshrine
skyshrine	0	0	0	5	0	0	0	skyshrine
skyshrine	0	0	0	5	0	0	0	skyshrine
skyshrine	0	0	0	5	0	0	0	skyshrine
skyshrine	0	0	0	5	0	0	0	skyshrine
skyshrine	0	0	0	5	0	0	0	skyshrine
skyshrine	-793	-249	3	5	0	0	0	wakening
skyshrine	0	0	0	5	0	0	0	cobaltscar
skyshrine	0	0	0	5	0	0	0	skyshrine
skyshrine	0	0	0	5	0	0	0	skyshrine
skyshrine	0	0	0	5	0	0	0	kael
skyshrine	0	0	0	5	0	0	0	skyshrine
skyshrine	0	0	0	5	0	0	0	skyshrine
skyshrine	0	0	0	5	0	0	0	skyshrine
skyshrine	0	0	0	5	0	0	0	skyshrine
sleeper	0	0	0	5	0	0	0	eastwastes
soldunga	0	0	0	5	0	0	0	soldungb
soldunga	-538	-1080	0	5	0	0	0	soldungb
soldunga	0	0	0	5	0	0	0	soldungb
soldunga	0	0	0	5	0	0	0	soldungb
soldunga	-398	-363	13	5	0	0	0	soldungb
soldunga	-508	-284	26	5	0	0	0	soldungb
soldunga	-570	-163	20	5	0	0	0	soldungb
soldunga	-454	-702	-25	5	0	0	0	soldungb
soldunga	0	0	0	5	0	0	0	soldungb
soldunga	0	0	0	5	0	0	0	soldunga
soldungb	0	0	0	5	0	0	0	soldunga
soldungb	-532	-1080	0	5	0	0	0	soldunga
soldungb	0	0	0	5	0	0	0	soldunga
soldungb	0	0	0	5	0	0	0	soldunga
soldungb	-404	-364	13	5	0	0	0	soldunga
soldungb	-509	-278	26	5	0	0	0	soldunga
soldungb	-576	-163	18	5	0	0	0	soldunga
soldungb	-448	-705	-25	5	0	0	0	soldunga
soldungb	0	0	0	5	0	0	0	soldunga
soltemple	56	243	2	5	0	0	0	lavastorm
southkarana	898.88	-3164.8	-8.81	10	0	0	0	paw
southkarana	895	2720	-31	5	2	-3723.97	3336.41	northkarana
southkarana	1161.05	-8539.52	3.13	20	0	0	0	lakerathe
sro	180.84	1510	5.53	40	2	-95	315	oasis
sro	1110.32	-3198.45	-23.69	25	0	0	0	innothule
steamfont	528	-2065	-108	15	0	0	0	akanon
steamfont	2182.88	584.64	-110.12	35	0	0	0	lfaydark
stonebrunt	2919.32	-3700.65	-36.56	20	0	0	0	warrens
swampofnohope	-2355	-4444	-3	5	0	0	0	firiona
swampofnohope	2690	-4342	0	5	0	0	0	firiona
swampofnohope	0	0	0	5	0	0	0	trakanon
swampofnohope	3238	2972	4	5	0	0	0	cabeast
swampofnohope	3056	3131	4	5	0	0	0	cabeast
swampofnohope	0	0	0	5	0	0	0	fieldofbone
templeveeshan	0	0	0	5	0	0	0	westwastes
templeveeshan	0	0	0	5	0	0	0	westwastes
templeveeshan	0	0	0	5	0	0	0	westwastes
templeveeshan	0	0	0	5	0	0	0	mischiefplane
thurgadina	-22	-1227	-2	5	0	0	0	greatdivide
thurgadina	-88	-665	-95	5	0	0	0	thurgadinb
thurgadina	35	240	3	5	0	0	0	thurgadinb
thurgadinb	43	112	2	5	0	0	0	thurgadina
thurgadinb	0	0	0	5	0	0	0	greatdivide
thurgadinb	-78	-760	-95	5	0	0	0	thurgadina
timorous	0	0	0	5	0	0	0	cabwest
timorous	0	0	0	5	0	0	0	freporte
timorous	0	0	0	5	0	0	0	halas
timorous	0	0	0	5	0	0	0	gfaydark
timorous	0	0	0	5	0	0	0	neriakb
timorous	0	0	0	5	0	0	0	erudnext
timorous	0	0	0	5	0	0	0	oggok
timorous	0	0	0	5	0	0	0	grobb
timorous	0	0	0	5	0	0	0	rivervale
timorous	0	0	0	5	0	0	0	akanon
timorous	0	0	0	5	0	0	0	kaladima
tox	296.77	2543.25	-45.28	10	0	0	0	erudnext
tox	-430.3	-2635.79	-41.97	10	0	0	0	paineel
tox	2684.2	-506.71	-35.12	20	0	0	0	kerraridge
tox	0	0	0	5	0	0	0	qcat
trakanon	0	0	0	5	0	0	0	swampofnohope
trakanon	0	0	0	5	0	0	0	emeraldjungle
trakanon	0	0	0	5	0	0	0	sebilis
unrest	291.35	118.81	3.13	20	0	0	0	cauldron
veeshan	0	0	0	5	0	0	0	freporte
veeshan	0	0	0	5	0	0	0	skyfire
veeshan	0	0	0	5	0	0	0	swampofnohope
veksar	-15	-639	-25	5	0	0	0	lakeofillomen
veksar	15	-639	-25	5	0	0	0	lakeofillomen
velketor	0	0	0	5	0	0	0	greatdivide
wakening	0	0	0	5	0	0	0	skyshrine
wakening	0	0	0	5	0	0	0	kael
wakening	0	0	0	5	0	0	0	growthplane
warrens	1149.69	-147.57	-107.84	20	0	0	0	stonebrunt
warrens	-874.92	712.63	-33.87	10	0	0	0	paineel
warslikswood	0	0	0	5	0	0	0	fieldofbone
warslikswood	0	0	0	5	0	0	0	overthere
warslikswood	-1118	-2254	266	5	0	0	0	cabwest
warslikswood	-930	-2415	266	5	0	0	0	cabwest
warslikswood	0	0	0	5	0	0	0	dalnir
warslikswood	0	0	0	5	0	0	0	lakeofillomen
warslikswoods	0	0	3	5	0	0	0	cabwest
westwastes	0	0	0	5	0	0	0	necropolis
westwastes	0	0	0	5	0	0	0	templeveeshan
westwastes	205	-91	3.75	5	0	0	0	sirens
westwastes	-86	1976	4	5	0	0	0	necropolis
westwastes	-2025	-499	-44	5	0	0	0	templeveeshan
